{"mAP": 0.9013834839293262, "precision": 0.6789250353606789, "recall": 0.9063444108761329}